n,s,trials,mean_key_comparisons,stddev_key_comparisons,mean_time_ms,median_time_ms,merge_growth_proxy,insertion_growth_proxy,total_growth_proxy
100000,1,10,1536275.40,183.18,11.7223,11.8015,1660964.05,100000.00,1760964.05
100000,10,10,1558009.90,255.41,28.8973,10.1795,1328771.24,1000000.00,2328771.24
100000,20,10,1639489.60,555.11,14.4458,13.4033,1228771.24,2000000.00,3228771.24
100000,30,10,1862175.40,866.04,11.2629,10.4776,1170274.99,3000000.00,4170274.99
100000,40,10,1862175.40,866.04,10.0540,9.3226,1128771.24,4000000.00,5128771.24
100000,50,10,2383341.80,1620.55,9.1909,9.2027,1096578.43,5000000.00,6096578.43
100000,60,10,2383341.80,1620.55,9.7969,9.2659,1070274.99,6000000.00,7070274.99
100000,70,10,2383341.80,1620.55,9.5368,9.1707,1048035.75,7000000.00,8048035.75
100000,80,10,2383341.80,1620.55,18.8803,18.7679,1028771.24,8000000.00,9028771.24
100000,90,10,2383341.80,1620.55,11.9693,11.1832,1011778.74,9000000.00,10011778.74
100000,100,10,3510368.40,3517.29,14.3049,12.4451,996578.43,10000000.00,10996578.43
100000,110,10,3510368.40,3517.29,14.4680,14.0466,982828.08,11000000.00,11982828.08
100000,120,10,3510368.40,3517.29,10.1663,9.9009,970274.99,12000000.00,12970274.99
100000,130,10,3510368.40,3517.29,9.9070,9.6646,958727.27,13000000.00,13958727.27
100000,140,10,3510368.40,3517.29,9.9129,9.8531,948035.75,14000000.00,14948035.75
100000,150,10,3510368.40,3517.29,9.8292,9.6631,938082.18,15000000.00,15938082.18
100000,160,10,3510368.40,3517.29,9.7763,9.7320,928771.24,16000000.00,16928771.24
100000,170,10,3510368.40,3517.29,9.6693,9.6612,920024.95,17000000.00,17920024.95
100000,180,10,3510368.40,3517.29,9.6297,9.6164,911778.74,18000000.00,18911778.74
100000,190,10,3510368.40,3517.29,9.6503,9.6473,903978.49,19000000.00,19903978.49
100000,200,10,5858773.60,11668.96,11.4180,11.3204,896578.43,20000000.00,20896578.43
100000,210,10,5858773.60,11668.96,11.4407,11.3573,889539.50,21000000.00,21889539.50
100000,220,10,5858773.60,11668.96,11.3385,11.3481,882828.08,22000000.00,22882828.08
100000,230,10,5858773.60,11668.96,11.2424,11.2049,876415.04,23000000.00,23876415.04
100000,240,10,5858773.60,11668.96,11.3329,11.2773,870274.99,24000000.00,24870274.99
100000,250,10,5858773.60,11668.96,11.3589,11.3395,864385.62,25000000.00,25864385.62
100000,260,10,5858773.60,11668.96,11.3001,11.2923,858727.27,26000000.00,26858727.27
100000,270,10,5858773.60,11668.96,11.2422,11.2330,853282.49,27000000.00,27853282.49
100000,280,10,5858773.60,11668.96,11.2636,11.2607,848035.75,28000000.00,28848035.75
100000,290,10,5858773.60,11668.96,11.2601,11.2372,842973.14,29000000.00,29842973.14
100000,300,10,5858773.60,11668.96,11.3843,11.3688,838082.18,30000000.00,30838082.18
100000,310,10,5858773.60,11668.96,11.4478,11.3698,833351.61,31000000.00,31833351.61
100000,320,10,5858773.60,11668.96,11.5419,11.4438,828771.24,32000000.00,32828771.24
100000,330,10,5858773.60,11668.96,11.2655,11.2806,824331.83,33000000.00,33824331.83
100000,340,10,5858773.60,11668.96,11.3630,11.3258,820024.95,34000000.00,34820024.95
100000,350,10,5858773.60,11668.96,11.3081,11.3225,815842.94,35000000.00,35815842.94
100000,360,10,5858773.60,11668.96,11.3868,11.3603,811778.74,36000000.00,36811778.74
100000,370,10,5858773.60,11668.96,11.2843,11.2787,807825.90,37000000.00,37807825.90
100000,380,10,5858773.60,11668.96,11.3106,11.3227,803978.49,38000000.00,38803978.49
100000,390,10,7644791.80,21556.50,12.8531,12.7489,800231.02,39000000.00,39800231.02
100000,400,10,10641564.10,29872.89,15.2786,15.2379,796578.43,40000000.00,40796578.43
100000,410,10,10641564.10,29872.89,15.1580,15.1599,793016.04,41000000.00,41793016.04
100000,420,10,10641564.10,29872.89,15.1855,15.1956,789539.50,42000000.00,42789539.50
100000,430,10,10641564.10,29872.89,15.1399,15.1174,786144.76,43000000.00,43786144.76
100000,440,10,10641564.10,29872.89,15.2509,15.2635,782828.08,44000000.00,44782828.08
100000,450,10,10641564.10,29872.89,15.1237,15.1573,779585.93,45000000.00,45779585.93
100000,460,10,10641564.10,29872.89,15.0887,15.0916,776415.04,46000000.00,46776415.04
100000,470,10,10641564.10,29872.89,15.0889,15.0831,773312.35,47000000.00,47773312.35
100000,480,10,10641564.10,29872.89,15.1563,15.0968,770274.99,48000000.00,48770274.99
100000,490,10,10641564.10,29872.89,15.0515,15.0643,767300.25,49000000.00,49767300.25
100000,500,10,10641564.10,29872.89,15.1480,15.1470,764385.62,50000000.00,50764385.62
100000,510,10,10641564.10,29872.89,15.0971,15.1126,761528.70,51000000.00,51761528.70
100000,520,10,10641564.10,29872.89,15.1066,15.0689,758727.27,52000000.00,52758727.27
100000,530,10,10641564.10,29872.89,15.1500,15.1339,755979.19,53000000.00,53755979.19
100000,540,10,10641564.10,29872.89,15.0899,15.1096,753282.49,54000000.00,54753282.49
100000,550,10,10641564.10,29872.89,15.0572,15.0823,750635.27,55000000.00,55750635.27
100000,560,10,10641564.10,29872.89,15.0713,15.0840,748035.75,56000000.00,56748035.75
100000,570,10,10641564.10,29872.89,15.1198,15.0734,745482.24,57000000.00,57745482.24
100000,580,10,10641564.10,29872.89,15.1744,15.1440,742973.14,58000000.00,58742973.14
100000,590,10,10641564.10,29872.89,15.1500,15.1438,740506.93,59000000.00,59740506.93
100000,600,10,10641564.10,29872.89,15.1985,15.2049,738082.18,60000000.00,60738082.18
100000,610,10,10641564.10,29872.89,15.1746,15.1945,735697.50,61000000.00,61735697.50
100000,620,10,10641564.10,29872.89,15.2866,15.3061,733351.61,62000000.00,62733351.61
100000,630,10,10641564.10,29872.89,15.1387,15.1182,731043.25,63000000.00,63731043.25
100000,640,10,10641564.10,29872.89,15.1937,15.1834,728771.24,64000000.00,64728771.24
100000,650,10,10641564.10,29872.89,15.2183,15.1679,726534.46,65000000.00,65726534.46
100000,660,10,10641564.10,29872.89,16.0453,15.4977,724331.83,66000000.00,66724331.83
100000,670,10,10641564.10,29872.89,15.3024,15.3054,722162.32,67000000.00,67722162.32
100000,680,10,10641564.10,29872.89,15.3597,15.3881,720024.95,68000000.00,68720024.95
100000,690,10,10641564.10,29872.89,15.2128,15.1996,717918.79,69000000.00,69717918.79
100000,700,10,10641564.10,29872.89,18.3978,15.1992,715842.94,70000000.00,70715842.94
100000,710,10,10641564.10,29872.89,19.5188,18.9978,713796.53,71000000.00,71713796.53
100000,720,10,10641564.10,29872.89,16.1168,15.8228,711778.74,72000000.00,72711778.74
100000,730,10,10641564.10,29872.89,18.0448,15.3749,709788.78,73000000.00,73709788.78
100000,740,10,10641564.10,29872.89,16.0361,15.5036,707825.90,74000000.00,74707825.90
100000,750,10,10641564.10,29872.89,15.3594,15.3957,705889.37,75000000.00,75705889.37
100000,760,10,10641564.10,29872.89,15.4329,15.4233,703978.49,76000000.00,76703978.49
100000,770,10,10641564.10,29872.89,15.2159,15.1778,702092.58,77000000.00,77702092.58
100000,780,10,10641564.10,29872.89,15.0810,15.0051,700231.02,78000000.00,78700231.02
100000,790,10,20316600.60,23317.05,23.4854,23.4560,698393.16,79000000.00,79698393.16
100000,800,10,20316600.60,23317.05,23.5312,23.6066,696578.43,80000000.00,80696578.43
100000,810,10,20316600.60,23317.05,23.6230,23.6703,694786.24,81000000.00,81694786.24
100000,820,10,20316600.60,23317.05,23.6278,23.6034,693016.04,82000000.00,82693016.04
100000,830,10,20316600.60,23317.05,23.7973,23.7479,691267.29,83000000.00,83691267.29
100000,840,10,20316600.60,23317.05,23.6881,23.7606,689539.50,84000000.00,84689539.50
100000,850,10,20316600.60,23317.05,25.9624,23.7686,687832.14,85000000.00,85687832.14
100000,860,10,20316600.60,23317.05,23.5579,23.5450,686144.76,86000000.00,86686144.76
100000,870,10,20316600.60,23317.05,23.6695,23.6751,684476.89,87000000.00,87684476.89
100000,880,10,20316600.60,23317.05,23.8025,23.7543,682828.08,88000000.00,88682828.08
100000,890,10,20316600.60,23317.05,23.7186,23.6370,681197.89,89000000.00,89681197.89
100000,900,10,20316600.60,23317.05,23.5590,23.5475,679585.93,90000000.00,90679585.93
100000,910,10,20316600.60,23317.05,23.4438,23.4530,677991.77,91000000.00,91677991.77
100000,920,10,20316600.60,23317.05,23.6808,23.6830,676415.04,92000000.00,92676415.04
100000,930,10,20316600.60,23317.05,23.5372,23.4819,674855.36,93000000.00,93674855.36
100000,940,10,20316600.60,23317.05,23.5040,23.5426,673312.35,94000000.00,94673312.35
100000,950,10,20316600.60,23317.05,23.5668,23.5622,671785.68,95000000.00,95671785.68
100000,960,10,20316600.60,23317.05,23.5659,23.5611,670274.99,96000000.00,96670274.99
100000,970,10,20316600.60,23317.05,23.7500,23.6828,668779.95,97000000.00,97668779.95
100000,980,10,20316600.60,23317.05,23.6182,23.5100,667300.25,98000000.00,98667300.25
100000,990,10,20316600.60,23317.05,23.5348,23.5156,665835.58,99000000.00,99665835.58
100000,1000,10,20316600.60,23317.05,23.7349,23.6825,664385.62,100000000.00,100664385.62
